Numéro Solde;Surname;First name;Date of birth
1;A’Koyh;Urkiz;15/02/1961
2;Adakma-Gdumm;Axydi Ixyfupinl;29/12/1989
12569;Lolo; Olivier Calmels; 30/05/1987
3;Adoyhhi;Wvykqiz Uereznu;15/11/1961
4;Aeykxyka;Oagpu;24/04/1967
5;Afykn-Punak;Utiaxu;24/04/1999
6;Ahe-Zakyn (Kyy Bhoky);Hykycvit N.;05/03/1984
7;Ahpuk N.;Javne;06/01/1976
8;Ajyx-Bahy;Avuy;08/12/1990
9;Akyoh;Catuo Ithuvt;22/07/1966
10;Akyoh;Salk;31/10/1997
11;Ammydjyk;Sakunluk;12/03/1983
12;Ammydjyok;Zugeix Piksugyk;27/10/1971
13;Ammydjyok;Zugeix Sakunluk;06/08/1968
14;Ammydjyok Zd.;Uxcvit;25/11/1989
15;Anpuk;Gavruk;07/12/1984
16;Anpuk;Juxajal;10/06/1964
17;Anpuk;Likvo;27/07/1986
18;Anpuk;Pukrevu;10/07/1997
19;Anpuk;Pukrevu 1;25/11/1998
20;Anpuk;Pukrevu 2;18/05/1973
21;Anpuk B.;Juguvu;14/09/1974
22;Anpuk P.;Pukrevu;22/06/1965
23;Anra;Gyqluix;16/12/1980
24;Anuoa;Nirpilek;26/08/1973
25;Apude;Cim;08/06/1997
26;Apude;Sakunluk;31/01/1984
27;Apude;Sakunluk;25/02/1999
28;Aqak-Anaqfu;Pviktuxyki;04/10/1992
29;Aqako-Fohhoupn;U T.;18/03/1973
30;Asaxohy;Tavanlo;23/09/1995
31;Assad;Rivuxtyki Qlytipivi;18/04/1993
32;Axyhou P.;Cuvgu;14/07/1967
33;Aza-Fohhoupn;Saziwlyki;18/01/1999
34;Baagyd;Guvyuk;24/07/1960
35;Baagyd;Ithyk.C;30/10/1987
36;Baagyd;Ixyfupinl;18/11/1994
37;Baagyd;Iznliv G.;13/02/1991
38;Baagyd;Nliawlyxez;12/06/1998
39;Baagyd;Saziwl Qluvxiz;30/03/1988
40;Baagyd;Sugiz S.;20/04/1971
41;Baagyd;Ukk Likvyinnu;22/08/1965
42;Baagyd;Wunvyqyu S.;12/04/1964
43;Baapjyd;Cuknu W.;13/11/1984
44;Baapjyd;Cvukqizz;21/10/1967
45;Baapjyd;Galugit;09/12/1985
46;Baapjyd;Galugit;05/11/1987
47;Baapjyd;Guhexal;17/06/1964
48;Baapjyd;Gykinni;26/10/1965
49;Baapjyd;Luhu Vuqlix;17/01/1982
50;Baapjyd;Paqjuvyi;13/01/1968
51;Baapjyd;Paqjuvyi N.;24/04/1965
52;Baapjyd;Pvuygu;27/03/1984
53;Baapjyd;Riavryuku;18/10/1982
54;Baapjyd;Ukzeguku;10/01/1983
55;Baapjyd;Uveku Tuetu;02/10/1978
56;Baapjyd;Viryuku G.;13/08/1970
57;Baapjyd;Yzunu;31/08/1989
58;Baapjyd;Znukxio P.;03/08/1994
59;Baapjyd;Zugeix;28/12/1982
60;Baayhui;Tipavul;07/09/1982
61;Badkyh;Upyi;07/02/1997
62;Badkyh;Utugu G. S.;07/02/1970
63;Badkyr;Geze Jakou;29/10/1976
64;Bafuk;Cvukqizz;29/04/1964
65;Bafuk;Innu G.;18/12/1966
66;Bafuk;Ivyq Z. X.;19/02/1977
67;Bafuk;Ixdyvu Yviki;25/05/1978
68;Bafuk;Nlivzu Qlvyznxuku;30/03/1965
69;Bagadpyr;Guvyi H.;08/11/1989
70;Bahepju;Guvo;15/10/1964
71;Bahepjyd;Guvo S.;06/11/1990
72;Bahepjyd;Ykkul;15/10/1970
73;Bahhoyd;Galugit;30/09/1967
74;Bahhoyd;Gavvyzak;31/12/1972
75;Bahhoyd;Guvnlu;27/10/1977
76;Bahhoyd;Hyxxyug Zoxdukez;06/04/1979
77;Bahhoyd;Jutyune;01/04/1960
78;Bahhoyd;Koujil Tukyix Pveqi;29/07/1971
79;Bahhoyd;Uptex Hulup;25/08/1992
80;Bahhoyd;Uxlusy;16/10/1988
81;Bahhoyd;Vetaxwl;11/10/1997
82;Bahhoyd;Wlyxyqyu G.;13/09/1982
83;Bahhoyd;Wvykqizz;22/01/1985
84;Bahhoyd;Ypvulyg;13/08/1965
85;Bahy;Cungunu Nisuk;09/11/1963
86;Bahy;Cuynl;04/06/1991
87;Bahy;Cvukqyz Yzzuq;20/08/1982
88;Bahy;Cxavikqi;04/03/1986
89;Bahy;Dyqnav;01/12/1964
90;Bahy;Fuykup;09/03/1991
91;Bahy;Guvyugu;20/05/1961
92;Bahy;Huxniv Skv.;03/07/1965
93;Bahy;Ierikyu;30/09/1969
94;Bahy;Igixyu G.;13/08/1994
95;Bahy;Ithuvt;04/07/1980
96;Bahy;Ixyfupinl;16/08/1973
97;Bahy;Ixyfupinl A.;15/07/1976
98;Bahy;Likvo I.;26/09/1976
99;Bahy;Luhu-S-;20/03/1971
100;Bahy;Nyrytukjuo;12/11/1975
101;Bahy;Oezec;12/05/1963
102;Bahy;Quvaxyki X.;11/04/1993
103;Bahy;Riavri;10/08/1975
104;Bahy;Rxutoz;27/10/1980
105;Bahy;Rxutoz G.;28/12/1987
106;Bahy;Saziwl;29/08/1995
107;Bahy;Saziwl;13/01/1977
108;Bahy;Saziwl Vigyzu;13/10/1995
109;Bahy;Saziwlyki Q.;16/12/1998
110;Bahy;Sazzyi;01/08/1987
111;Bahy;Sexyez Upyazil;08/05/1999
112;Bahy;Sivigyul;14/01/1968
113;Bahy;Siznyku P.;08/11/1982
114;Bahy;Sugiz U.;12/11/1962
115;Bahy;Suki N.;15/05/1994
116;Bahy;Uereznu Z.;09/10/1960
117;Bahy;Uptexuy;02/05/1987
118;Bahy;Upvulug T.;13/04/1990
119;Bahy;Vapivn Uvnlev;18/09/1980
120;Bahy;Viryku Cudaev;22/10/1974
121;Bahy;Vuzlyt;28/09/1970
122;Bahy;Wunvyqj P.;18/09/1998
123;Bahy;Wvykqizz;27/05/1961
124;Bahy;Wvykqizz;14/03/1994
125;Bahy;Ykul S.;27/04/1987
126;Bahy;Ypvulyg;16/12/1960
127;Bahy;Yzlu;22/04/1960
128;Bahy;Zexuyguk;12/01/1984
129;Bahy;Zexuyguk;11/06/1962
130;Bahy-Xyyk;Kuzyve;31/10/1984
131;Bakdyr;Zluju;05/07/1975
132;Bakkonak;Iggukeix Z. N.;09/01/1981
133;Bakkonak;Sakunluk;16/02/1980
134;Bakkonak;Uereznez;29/06/1971
135;Bakkyh;Zakko Uxpivn;15/03/1976
136;Bakkyr;Qlvyznyuku Jutyune Q.;02/06/1986
137;Bakmry;Salk;03/01/1981
138;Bakmyr;Apuy;08/01/1979
139;Bakmyr;Axydinni;09/08/1966
140;Bakmyr;Azguk;08/08/1965
141;Bakmyr;Azguk;21/07/1960
142;Bakmyr;Azguk;03/05/1985
143;Bakmyr;Azguk;30/03/1996
144;Bakmyr;Azguk;10/11/1990
145;Bakmyr;Azguk;19/05/1971
146;Bakmyr;Azguk;10/11/1972
147;Bakmyr;Azguk;27/01/1993
148;Bakmyr;Azguk;12/11/1997
149;Bakmyr;Azguk;29/09/1984
150;Bakmyr;Azguk;01/07/1995
151;Bakmyr;Azguk;31/12/1997
152;Bakmyr;Azguk;13/01/1974
153;Bakmyr;Azguk;09/06/1994
154;Bakmyr;Azguk;27/05/1992
155;Bakmyr;Azguk;11/11/1992
156;Bakmyr;Azguk;04/05/1965
157;Bakmyr;Azguk .U;03/11/1997
158;Bakmyr;Azguk G.;04/07/1984
159;Bakmyr;Azguk Galugit;15/04/1966
160;Bakmyr;Azguk U.;08/05/1968
161;Bakmyr;Azguk Uguvu Zuxxyie;18/08/1971
162;Bakmyr;Azguk Veryune;12/11/1971
163;Bakmyr;Azguk Winiv;26/11/1960
164;Bakmyr;Azguk Z.;01/05/1992
165;Bakmyr;Azguk.U;29/12/1981
166;Bakmyr;Azguk-Zuxug;24/02/1964
167;Bakmyr;Cakny;30/12/1963
168;Bakmyr;Catuo;06/01/1969
169;Bakmyr;Catuo;25/07/1966
170;Bakmyr;Catuo;23/11/1991
171;Bakmyr;Catuo;02/02/1965
172;Bakmyr;Catuo Galugit;08/12/1973
173;Bakmyr;Catuo P.;16/08/1985
174;Bakmyr;Catuo Pavpav;31/12/1979
175;Bakmyr;Catuo Z.;03/11/1988
176;Bakmyr;Catuo Z.;26/05/1980
177;Bakmyr;Cetyu;10/08/1998
178;Bakmyr;Cetyu;12/02/1962
179;Bakmyr;Ceute Z.;09/02/1971
180;Bakmyr;Cexxu-Geze;08/03/1978
181;Bakmyr;Cixym G.;11/02/1979
182;Bakmyr;Ciznez Azguk;08/07/1961
183;Bakmyr;Cukkil;15/12/1992
184;Bakmyr;Cuknu;07/11/1966
185;Bakmyr;Cune;26/08/1991
186;Bakmyr;Cune;13/08/1977
187;Bakmyr;Cune;25/05/1967
188;Bakmyr;Cune J.;05/07/1996
189;Bakmyr;Cune J.;25/01/1965
190;Bakmyr;Cungunu;13/03/1979
191;Bakmyr;Cungunu;01/04/1979
192;Bakmyr;Cungunu;13/01/1994
193;Bakmyr;Cungunu;21/05/1995
194;Bakmyr;Cungunu;23/10/1985
195;Bakmyr;Cungunu;22/07/1974
196;Bakmyr;Cungunu;15/06/1983
197;Bakmyr;Cungunu;15/04/1966
198;Bakmyr;Cungunu;10/04/1994
199;Bakmyr;Cungunu;30/08/1963
200;Bakmyr;Cungunu C.;15/07/1973
201;Bakmyr;Cungunu C.;25/08/1999
202;Bakmyr;Cungunu G.;23/02/1986
203;Bakmyr;Cungunu G.;17/08/1970
204;Bakmyr;Cungunu Geggo;01/01/1967
205;Bakmyr;Cungunu J.;04/09/1976
206;Bakmyr;Cungunu Kuougpu;19/06/1999
207;Bakmyr;Cungunu Pykne;03/01/1980
208;Bakmyr;Cungunu Ugykunu;03/04/1976
209;Bakmyr;Cungunu Upuzz;21/08/1962
210;Bakmyr;Cungunu Vazuxyki;25/04/1963
211;Bakmyr;Cungunu Wavnyu;13/07/1994
212;Bakmyr;Cungunu X.;23/09/1989
213;Bakmyr;Cungunu Z.;12/12/1963
214;Bakmyr;Cungunu Zakyinu;16/08/1968
215;Bakmyr;Cunygu;25/04/1976
216;Bakmyr;Cvkqyz;24/04/1988
217;Bakmyr;Cvukbea Z.;04/04/1977
218;Bakmyr;Cvukjxo Zuyt;17/01/1966
219;Bakmyr;Cvukqizz G'Puxe;28/06/1964
220;Bakmyr;Cvukqyz;24/09/1987
221;Bakmyr;Cvukqyz;02/04/1977
222;Bakmyr;Cvukqyz;14/07/1993
223;Bakmyr;Cvukqyz;13/10/1967
224;Bakmyr;Cvukqyz;11/07/1990
225;Bakmyr;Cvukqyz G.;12/11/1979
226;Bakmyr;Cvukqyz N.;12/12/1991
227;Bakmyr;Cvukqyz Pavpav;21/06/1994
228;Bakmyr;Cvukqyz Uxyi;12/12/1980
229;Bakmyr;Cxavikqi P.;11/09/1974
230;Bakmyr;Divakyqu;21/10/1991
231;Bakmyr;Divakyqu;08/04/1988
232;Bakmyr;Divakyqu C.;16/12/1990
233;Bakmyr;Dyqnav;25/02/1990
234;Bakmyr;Dyqnav;06/02/1995
235;Bakmyr;Dyqnavyu Zikna;09/05/1977
236;Bakmyr;Eguva;19/10/1997
237;Bakmyr;Eguve Uxwlu;12/12/1979
238;Bakmyr;Eguvv;03/08/1962
239;Bakmyr;Eguvv Ugyk Tiik;22/12/1973
240;Bakmyr;Ekyz;03/03/1965
241;Bakmyr;Ekyzu;19/08/1968
242;Bakmyr;Ekyzu;17/07/1975
243;Bakmyr;Ekyzu;26/03/1994
244;Bakmyr;Fuykup;08/01/1969
245;Bakmyr;Fuykup;10/06/1975
246;Bakmyr;Fuykup;26/08/1994
247;Bakmyr;Fuykup;22/11/1988
248;Bakmyr;Fuykup;02/04/1986
249;Bakmyr;Fuykup;26/08/1963
250;Bakmyr;Fuykup;12/01/1973
251;Bakmyr;Fuykup;20/02/1989
252;Bakmyr;Fuykup V.;25/12/1974
253;Bakmyr;Fuykup Wvykqizz;30/06/1975
254;Bakmyr;Gagal;13/10/1960
255;Bakmyr;Gagal;17/04/1979
256;Bakmyr;Gagal;09/05/1970
257;Bakmyr;Gagal;28/09/1964
258;Bakmyr;Gagal Uxluzzuk;23/01/1980
259;Bakmyr;Gagate;26/03/1992
260;Bakmyr;Gagate;03/04/1967
261;Bakmyr;Gagate Siuxaez;04/09/1968
262;Bakmyr;Gagate Ukze;27/12/1970
263;Bakmyr;Gaguit Zliyj;24/04/1989
264;Bakmyr;Galugit;30/07/1997
265;Bakmyr;Galugit;12/11/1973
266;Bakmyr;Galugit;22/05/1978
267;Bakmyr;Galugit;04/01/1995
268;Bakmyr;Galugit;17/12/1985
269;Bakmyr;Galugit;14/04/1960
270;Bakmyr;Galugit;25/03/1962
271;Bakmyr;Galugit;14/05/1973
272;Bakmyr;Galugit;22/03/1987
273;Bakmyr;Galugit;05/06/1969
274;Bakmyr;Galugit;25/01/1982
275;Bakmyr;Galugit;31/05/1964
276;Bakmyr;Galugit;17/10/1996
277;Bakmyr;Galugit;08/11/1983
278;Bakmyr;Galugit;13/06/1981
279;Bakmyr;Galugit;24/05/1984
280;Bakmyr;Galugit;05/07/1985
281;Bakmyr;Galugit;14/07/1971
282;Bakmyr;Galugit;08/05/1971
283;Bakmyr;Galugit;04/11/1961
284;Bakmyr;Galugit;30/07/1977
285;Bakmyr;Galugit;08/12/1985
286;Bakmyr;Galugit;16/02/1968
287;Bakmyr;Galugit;11/11/1967
288;Bakmyr;Galugit;21/12/1964
289;Bakmyr;Galugit;10/04/1995
290;Bakmyr;Galugit;08/04/1972
291;Bakmyr;Galugit;13/08/1996
292;Bakmyr;Galugit;18/08/1961
293;Bakmyr;Galugit;28/02/1980
294;Bakmyr;Galugit;12/12/1997
295;Bakmyr;Galugit;01/02/1994
296;Bakmyr;Galugit;18/04/1994
297;Bakmyr;Galugit A.;01/12/1971
298;Bakmyr;Galugit Ceut;25/11/1969
299;Bakmyr;Galugit Cvukqyz;03/04/1994
300;Bakmyr;Galugit E.;11/11/1990
301;Bakmyr;Galugit G.;17/10/1992
302;Bakmyr;Galugit G.;15/12/1979
303;Bakmyr;Galugit Gagal;22/07/1978
304;Bakmyr;Galugit Guvnyk;29/10/1972
305;Bakmyr;Galugit Luzzuk;23/02/1984
306;Bakmyr;Galugit Nag Juenul;14/03/1970
307;Bakmyr;Galugit P.;30/03/1989
308;Bakmyr;Galugit P.;07/12/1991
309;Bakmyr;Galugit Q.;14/05/1974
310;Bakmyr;Galugit R. J.;18/05/1997
311;Bakmyr;Galugit U;30/06/1980
312;Bakmyr;Galugit U.;10/02/1974
313;Bakmyr;Galugit U.;28/08/1987
314;Bakmyr;Galugit U.;07/04/1975
315;Bakmyr;Galugit U.;09/06/1983
316;Bakmyr;Galugit U.;04/08/1996
317;Bakmyr;Galugit Ugute;13/04/1970
318;Bakmyr;Galugit Uptexuy;17/10/1960
319;Bakmyr;Galugit Uxwlu;01/07/1994
320;Bakmyr;Galugit Uxyi;24/05/1991
321;Bakmyr;Galugit Uxyie;01/12/1972
322;Bakmyr;Galugit Y;10/04/1991
323;Bakmyr;Galugit Y.;17/12/1989
324;Bakmyr;Galugit Z.;13/02/1962
325;Bakmyr;Galugit Z.;13/02/1960
326;Bakmyr;Galugit Z.;25/08/1968
327;Bakmyr;Galugit Zavyi;12/04/1961
328;Bakmyr;Galugit Zavyi;07/06/1998
329;Bakmyr;Galugit Zlivycc;29/11/1990
330;Bakmyr;Galugit Zliyj;06/08/1969
331;Bakmyr;Galugit Zodizniv;02/06/1997
332;Bakmyr;Galugit Zugeix;28/12/1984
333;Bakmyr;Galugit Zugzetiik;24/02/1973
334;Bakmyr;Galugit Zuxxyie;15/06/1973
335;Bakmyr;Galugt Wupxa;24/01/1999
336;Bakmyr;Gavxuy;18/10/1990
337;Bakmyr;Gavxuy;20/01/1978
338;Bakmyr;Gavxuy Galugit;27/05/1961
339;Bakmyr;Gavyi;02/11/1988
340;Bakmyr;Gaziz;22/07/1982
341;Bakmyr;Gaziz;24/09/1979
342;Bakmyr;Gaziz;10/11/1978
343;Bakmyr;Gaziz;20/11/1962
344;Bakmyr;Gaziz;21/02/1992
345;Bakmyr;Gaziz;17/01/1993
346;Bakmyr;Gaziz;29/10/1993
347;Bakmyr;Gaziz Gazyvuo;25/10/1970
348;Bakmyr;Gaziz Ougpu;12/04/1970
349;Bakmyr;Gaziz Uptex;01/11/1994
350;Bakmyr;Gaziz Uvyzuo;27/08/1971
351;Bakmyr;Gaziz Wunvyqj;09/04/1984
352;Bakmyr;Gaziz Wvapok;28/06/1981
353;Bakmyr;Gaziz Zuzuo;08/10/1992
354;Bakmyr;Gevuku;16/11/1995
355;Bakmyr;Geze;02/01/1992
356;Bakmyr;Geze;28/11/1997
357;Bakmyr;Geznuwl;03/06/1996
358;Bakmyr;Geznuwlu;24/11/1997
359;Bakmyr;Geznuwlu;24/10/1961
360;Bakmyr;Geznuwlu;28/08/1990
361;Bakmyr;Geznuwlu;01/01/1968
362;Bakmyr;Geznuwlu;17/06/1969
363;Bakmyr;Geznuwlu;23/07/1993
364;Bakmyr;Geznuwlu;16/08/1976
365;Bakmyr;Geznuwlu U.;08/11/1963
366;Bakmyr;Gezu;23/02/1975
367;Bakmyr;Gezu;16/11/1995
368;Bakmyr;Gezu;10/01/1972
369;Bakmyr;Gezu;17/01/1979
370;Bakmyr;Gezu;29/05/1981
371;Bakmyr;Gezu L;15/01/1964
372;Bakmyr;Gezu U.;10/03/1992
373;Bakmyr;Gezu Zexnuk;30/01/1982
374;Bakmyr;Gezu Zulyt;23/07/1962
375;Bakmyr;Gezu.Uxlusy;18/09/1998
376;Bakmyr;Gigeku;29/11/1969
377;Bakmyr;Gigeku Juvnlo;29/07/1990
378;Bakmyr;Gigekune;05/04/1983
379;Bakmyr;Gigekune;13/04/1965
380;Bakmyr;Gigekune;20/02/1993
381;Bakmyr;Gigekune Saziwlyki;23/06/1973
382;Bakmyr;Gixdyk;24/05/1974
383;Bakmyr;Gixvazi;02/07/1968
384;Bakmyr;Gixvazi I.;23/11/1977
385;Bakmyr;Gixynu Xeqo;09/10/1994
386;Bakmyr;G'Puxe;13/12/1974
387;Bakmyr;Gpuxe Guvyugu;24/08/1982
388;Bakmyr;Gpuygpu G;28/07/1979
389;Bakmyr;Gugaet;11/07/1996
390;Bakmyr;Gugaet Zavyi;02/07/1990
391;Bakmyr;Gugete;24/03/1995
392;Bakmyr;Gugyi;05/08/1993
393;Bakmyr;Gumhixx J.;20/04/1991
394;Bakmyr;Gupix;07/09/1961
395;Bakmyr;Gupykno;08/02/1987
396;Bakmyr;Gupykno;02/03/1984
397;Bakmyr;Gupykno;26/03/1972
398;Bakmyr;Gupykno;03/12/1966
399;Bakmyr;Gupykno;10/08/1975
400;Bakmyr;Gupykno;28/10/1994
401;Bakmyr;Gupykno Geggo;29/07/1965
402;Bakmyr;Gupykno Q.;06/05/1980
403;Bakmyr;Gupykno Z.;25/05/1975
404;Bakmyr;Gupykno Zetuk;21/03/1994
405;Bakmyr;Gurivin Caxaxugeze;18/08/1986
406;Bakmyr;Gurtuxiki G.;30/07/1976
407;Bakmyr;Gurtuxiki Gupykno;13/03/1996
408;Bakmyr;Guruvin;06/03/1961
409;Bakmyr;Guvdiz Y.;15/05/1969
410;Bakmyr;Guvj Uxwlu;01/09/1964
411;Bakmyr;Guvnlu;29/09/1980
412;Bakmyr;Guvnlu G.;05/04/1974
413;Bakmyr;Guvnlu I.;11/11/1962
414;Bakmyr;Guvnyk Salukiz Nlugpu;20/08/1988
415;Bakmyr;Guvo;09/04/1972
416;Bakmyr;Guvo;11/01/1965
417;Bakmyr;Guvo;14/12/1965
418;Bakmyr;Guvo;19/11/1974
419;Bakmyr;Guvo Catuo;08/04/1973
420;Bakmyr;Guvo Wazzil;09/09/1987
421;Bakmyr;Guvo Z.;31/05/1986
422;Bakmyr;Guvruvin;18/09/1989
423;Bakmyr;Guvruvin;12/09/1999
424;Bakmyr;Guvruvin .I;26/04/1997
425;Bakmyr;Guvruvin Suki;03/03/1998
426;Bakmyr;Guvruvin Yzune;28/07/1987
427;Bakmyr;Guvruvinni;16/11/1993
428;Bakmyr;Guvyi Pyknyu;06/12/1961
429;Bakmyr;Guvyugu;04/12/1977
430;Bakmyr;Guvyugu;21/04/1964
431;Bakmyr;Guvyugu D.;01/03/1991
432;Bakmyr;Guvyugu W.;11/01/1976
433;Bakmyr;Guvyugu Zivuo;30/11/1976
434;Bakmyr;Guvyuk;04/04/1970
435;Bakmyr;Guvyune;09/05/1980
436;Bakmyr;Guvyune;01/05/1979
437;Bakmyr;Guvyune;20/11/1978
438;Bakmyr;Guvyune;03/07/1998
439;Bakmyr;Guvyune;13/12/1960
440;Bakmyr;Guvyune;26/05/1989
441;Bakmyr;Guvyune Z.;26/01/1980
442;Bakmyr;Guvyune Zucykune;18/12/1994
443;Bakmyr;Guxehulek G.;06/03/1983
444;Bakmyr;Guxqak Ououl;27/06/1965
445;Bakmyr;Guxxuo;10/12/1963
446;Bakmyr;Guzyvuo;04/07/1994
447;Bakmyr;Gyigekune;07/10/1989
448;Bakmyr;Gykjuyxe;08/06/1964
449;Bakmyr;Gykjuyxe Rypvyx;06/01/1979
450;Bakmyr;Gynqlix U.;21/07/1966
451;Bakmyr;Gyqliux;11/09/1965
452;Bakmyr;Gyqluix;28/12/1976
453;Bakmyr;Gyqluix;25/09/1965
454;Bakmyr;Gyqluix;28/06/1973
455;Bakmyr;Gyqluix;04/08/1965
456;Bakmyr;Gyqluix P.;11/03/1968
457;Bakmyr;Gyqluix Tudyt;25/11/1971
458;Bakmyr;Gyqluix U.;19/05/1968
459;Bakmyr;Gyqluix Uxyi;16/05/1962
460;Bakmyr;Gyqluix Z.;19/09/1991
461;Bakmyr;Gyqluixu;02/06/1967
462;Bakmyr;Gyxnak G.;01/05/1996
463;Bakmyr;Gyxtvit;02/10/1979
464;Bakmyr;Havajyu Z.;26/04/1988
465;Bakmyr;Hezguk Dykqikn;10/10/1963
466;Bakmyr;Hyxzak;29/09/1987
467;Bakmyr;Iccu;30/09/1997
468;Bakmyr;Ifijyix;19/03/1977
469;Bakmyr;Ifijyix J.;02/11/1988
470;Bakmyr;Iggu;20/10/1990
471;Bakmyr;Iggukeix;20/12/1987
472;Bakmyr;Iggukeix;19/08/1979
473;Bakmyr;Iggukeix;11/12/1980
474;Bakmyr;Iggukeix Gay;24/10/1971
475;Bakmyr;Iggukeix Pxuqjyi;22/12/1960
476;Bakmyr;Iggukeix V.;18/09/1971
477;Bakmyr;Iggukeix Zuya;14/01/1982
478;Bakmyr;Igyxyu;28/01/1980
479;Bakmyr;Ithuvt;29/12/1980
480;Bakmyr;Ithuvt;07/05/1981
481;Bakmyr;Ithuvt;16/12/1997
482;Bakmyr;Ithuvt;02/10/1997
483;Bakmyr;Ithuvt;12/11/1964
484;Bakmyr;Ithuvt G.;11/03/1970
485;Bakmyr;Ithuvt Liuvnil;28/02/1981
486;Bakmyr;Ithuvt Pukja;21/07/1978
487;Bakmyr;Ithuvt Zavyi;29/11/1983
488;Bakmyr;Ithyk;31/10/1979
489;Bakmyr;Ithyku;02/06/1969
490;Bakmyr;Ittyi;31/03/1963
491;Bakmyr;Ityzak G.;10/06/1991
492;Bakmyr;Iuznixxu;02/04/1986
493;Bakmyr;Ivkizn S.Q.;26/08/1996
494;Bakmyr;Ivkizn U.;06/09/1997
495;Bakmyr;Ixxyuz Gavyi Sai;31/10/1964
496;Bakmyr;Ixyfupinl;02/06/1990
497;Bakmyr;Ixyfupinl;03/10/1987
498;Bakmyr;Ixyfupinl G.;07/01/1967
499;Bakmyr;Ixyfupinl I.;11/08/1961
500;Bakmyr;Ixyfupinl Y.;31/05/1975
501;Bakmyr;Izluju;12/09/1979
502;Bakmyr;Iznliv;12/03/1996
503;Bakmyr;Iznliv;28/07/1970
504;Bakmyr;Iznliv;06/05/1973
505;Bakmyr;Iznliv X.;13/11/1985
506;Bakmyr;Jagvupuy J.;16/05/1991
507;Bakmyr;Jaxxil;17/06/1986
508;Bakmyr;Jegpu;02/02/1983
509;Bakmyr;Jixcuxu;02/11/1979
510;Bakmyr;Jixcuxu;30/03/1988
511;Bakmyr;Jixdyk Zavyi;05/08/1975
512;Bakmyr;Jlixxu Guzzul;16/05/1991
513;Bakmyr;Jlutysune;20/01/1999
514;Bakmyr;Juguktu;08/09/1966
515;Bakmyr;Juguktu G.;24/08/1997
516;Bakmyr;Juguktu Z.;21/03/1985
517;Bakmyr;Junyz;18/02/1969
518;Bakmyr;Jutuo;30/07/1960
519;Bakmyr;Jutyi;10/08/1994
520;Bakmyr;Jutyune;31/01/1980
521;Bakmyr;Jutyune;19/02/1979
522;Bakmyr;Jutyune;13/06/1982
523;Bakmyr;Jutyune;08/09/1969
524;Bakmyr;Jutyune;26/02/1995
525;Bakmyr;Jutyune G.;01/10/1981
526;Bakmyr;Jutyune Oiukav;23/03/1996
527;Bakmyr;Jutyune Q.;14/04/1961
528;Bakmyr;Jutyune Suki;07/07/1998
529;Bakmyr;Jutyune Uxyqi;26/02/1983
530;Bakmyr;Jutyune X.;03/02/1969
531;Bakmyr;Jutyune Yzune;19/09/1992
532;Bakmyr;Juvgul;17/10/1988
533;Bakmyr;Juvicuxu Ithuvt;08/08/1984
534;Bakmyr;Juzzyg;07/05/1982
535;Bakmyr;Kruty;29/08/1977
536;Bakmyr;Kruvtyi N.;06/01/1980
537;Bakmyr;Kukqo;15/12/1990
538;Bakmyr;Kukqo S.;12/05/1976
539;Bakmyr;K'Zuv;10/11/1980
540;Bakmyr;Latyi K.;23/06/1989
541;Bakmyr;Leguv;13/08/1977
542;Bakmyr;Legykune;22/12/1978
543;Bakmyr;Leziyk;18/01/1990
544;Bakmyr;Likvo J.;12/06/1962
545;Bakmyr;Likvo P.;15/06/1960
546;Bakmyr;Lixik Uxyqi;25/02/1992
547;Bakmyr;Lugyte;31/07/1972
548;Bakmyr;Luhu;26/06/1961
549;Bakmyr;Luhu;22/05/1982
550;Bakmyr;Luhu;16/09/1970
551;Bakmyr;Luhu;14/12/1976
552;Bakmyr;Luhu E.;28/08/1993
553;Bakmyr;Luhu Wyu;09/09/1980
554;Bakmyr;Luhu Z.;28/09/1987
555;Bakmyr;Lukkul;02/10/1972
556;Bakmyr;Lukkul;01/10/1978
557;Bakmyr;Lusu Cungunu;10/06/1987
558;Bakmyr;Lusu Guvyugu;12/03/1988
559;Bakmyr;Lusuvune;05/03/1972
560;Bakmyr;Luvaek;16/04/1968
561;Bakmyr;Luveku;03/12/1976
562;Bakmyr;Luzzuk;02/03/1972
563;Bakmyr;Luzzuk;01/07/1998
564;Bakmyr;Luzzuk;02/10/1996
565;Bakmyr;Luzzuk;29/12/1970
566;Bakmyr;Luzzuk;01/03/1978
567;Bakmyr;Luzzuk;18/04/1967
568;Bakmyr;Luzzuk;08/11/1990
569;Bakmyr;Luzzuk;28/07/1981
570;Bakmyr;Luzzuk;16/09/1998
571;Bakmyr;Luzzuk;25/07/1996
572;Bakmyr;Luzzuk;15/12/1965
573;Bakmyr;Luzzuk Guttyi;23/11/1995
574;Bakmyr;Luzzuk L.;13/06/1992
575;Bakmyr;Luzzuk P.;05/09/1987
576;Bakmyr;Luzzuk U.;13/11/1968
577;Bakmyr;Luzzuk Uxcvit;17/01/1980
578;Bakmyr;Luzzuk Winiv;19/07/1983
579;Bakmyr;Luzzuk Yzzu;30/11/1989
580;Bakmyr;Luzzuk Zugeix;17/06/1964
581;Bakmyr;Luzzuk Zyil;18/04/1964
582;Bakmyr;Naggo;17/03/1983
583;Bakmyr;Nikkil;21/08/1985
584;Bakmyr;Nikkil O.;01/09/1996
585;Bakmyr;Nivizu;10/11/1967
586;Bakmyr;Nlaguz;22/03/1996
587;Bakmyr;Nlaguz U. G.;10/03/1979
588;Bakmyr;Nlaguz Z.;09/12/1976
589;Bakmyr;Nlaguz Zyzqa;18/05/1962
590;Bakmyr;Nlbyge;24/08/1994
591;Bakmyr;Nlivizu;07/01/1969
592;Bakmyr;Nlivizu J.;11/08/1965
593;Bakmyr;Nlivizu J.;24/09/1978
594;Bakmyr;Nluyge Zavyi;07/01/1967
595;Bakmyr;Nugpu;13/08/1978
596;Bakmyr;Nulu;29/03/1979
597;Bakmyr;Nuyha.J.;25/08/1960
598;Bakmyr;Nyrytukjuo;27/02/1981
599;Bakmyr;Odakki;11/10/1998
600;Bakmyr;Oezec;02/05/1988
601;Bakmyr;Oezece;14/11/1989
602;Bakmyr;Oezece;13/03/1979
603;Bakmyr;Oezece;09/05/1973
604;Bakmyr;Oiugal Geqnuvv;18/06/1976
605;Bakmyr;Oiuxyi;10/02/1968
606;Bakmyr;Ouktyi C.;03/08/1987
607;Bakmyr;Ououl .G;12/07/1989
608;Bakmyr;Oupag;07/07/1962
609;Bakmyr;Ouvygil;21/09/1978
610;Bakmyr;Pap Tiik;12/08/1988
611;Bakmyr;Papav;25/07/1999
612;Bakmyr;Papzak H.;23/10/1971
613;Bakmyr;Paqjuvyi;12/12/1998
614;Bakmyr;Paqjuvyi Nyno;18/07/1972
615;Bakmyr;Pegpil Jikkito;15/09/1962
616;Bakmyr;Pinno;27/02/1963
617;Bakmyr;Piunvyqi;05/03/1994
618;Bakmyr;Piunvyqi Geze;12/04/1994
619;Bakmyr;Piunvyqi U.;03/09/1992
620;Bakmyr;Pivkuvt;02/05/1981
621;Bakmyr;Pukjuo;17/03/1999
622;Bakmyr;Pukkio Z.;24/05/1987
623;Bakmyr;Pukruxyi Catuo;18/06/1985
624;Bakmyr;Puy Z.;25/12/1963
625;Bakmyr;Puy Zliju;13/01/1992
626;Bakmyr;Puygpu;14/05/1994
627;Bakmyr;Puykte;13/10/1982
628;Bakmyr;Puzlyve;07/03/1990
629;Bakmyr;Pvygu;06/08/1978
630;Bakmyr;Pvygu;01/01/1961
631;Bakmyr;Pvygu;03/02/1972
632;Bakmyr;Pvygu;23/03/1995
633;Bakmyr;Pvygu;23/02/1976
634;Bakmyr;Pvygu;14/01/1979
635;Bakmyr;Pvygu A.;29/04/1973
636;Bakmyr;Pvygu P.;03/07/1979
637;Bakmyr;Pvygu Riavri;20/04/1968
638;Bakmyr;Pvygu S.;12/03/1973
639;Bakmyr;Pvygu Uxezyki;21/06/1987
640;Bakmyr;Pvygu Zlaevi;04/06/1985
641;Bakmyr;Pvytrin V.;09/03/1973
642;Bakmyr;Pykne;01/12/1977
643;Bakmyr;Pyknu C.;01/08/1992
644;Bakmyr;Qaxizak;03/03/1977
645;Bakmyr;Qiqyxyu Cungunu;18/06/1990
646;Bakmyr;Qiqyxyu Geze;14/11/1979
647;Bakmyr;Qlvyznawliv;27/07/1998
648;Bakmyr;Qlvyznawliv;18/07/1992
649;Bakmyr;Qvyzwyk;08/09/1966
650;Bakmyr;Ratcvio Hyxzak;13/04/1990
651;Bakmyr;Rupvyix;04/08/1986
652;Bakmyr;Rupvyix G.;17/04/1989
653;Bakmyr;Rupvyixxu;12/10/1989
654;Bakmyr;Rxutoz Jutyi;25/02/1982
655;Bakmyr;Rxutoz Luhu;31/10/1961
656;Bakmyr;Rypvyx;26/03/1972
657;Bakmyr;Rypvyx;05/01/1970
658;Bakmyr;Rypvyx Z.;24/06/1977
659;Bakmyr;Rypvyxx Juwv;14/10/1983
660;Bakmyr;Rypvyxxu;29/07/1964
661;Bakmyr;Rypvyxxu;27/05/1975
662;Bakmyr;Ryxxa;25/01/1969
663;Bakmyr;Sakunluk Nluyge;15/05/1990
664;Bakmyr;Salk;21/10/1991
665;Bakmyr;Salk;01/01/1996
666;Bakmyr;Salk;17/06/1982
667;Bakmyr;Salk;13/09/1981
668;Bakmyr;Salk;10/10/1963
669;Bakmyr;Salk;30/05/1975
670;Bakmyr;Salk;03/03/1985
671;Bakmyr;Salk;07/08/1999
672;Bakmyr;Salk .G.Z;18/08/1994
673;Bakmyr;Salk .Z;24/06/1991
674;Bakmyr;Salk Gavxuy;02/10/1964
675;Bakmyr;Salk Ouwa;03/06/1960
676;Bakmyr;Salk P.;08/06/1974
677;Bakmyr;Salk Pivkuvt;10/12/1967
678;Bakmyr;Salk Sizzyi;01/09/1977
679;Bakmyr;Salk U.;29/01/1995
680;Bakmyr;Salk Ugute;18/01/1965
681;Bakmyr;Salk Ugute;24/05/1973
682;Bakmyr;Salk Vuju;30/04/1962
683;Bakmyr;Salk W.;16/01/1992
684;Bakmyr;Salk Z.;10/01/1999
685;Bakmyr;Salk Z.;04/08/1994
686;Bakmyr;Salk Zuyte;29/03/1997
687;Bakmyr;Salk Zu-Z.;05/06/1984
688;Bakmyr;Salk.C;07/02/1968
689;Bakmyr;Sazil Galgit;07/06/1977
690;Bakmyr;Saziwl;20/05/1983
691;Bakmyr;Saziwl;16/05/1974
692;Bakmyr;Saziwl;29/08/1990
693;Bakmyr;Saziwl;01/09/1967
694;Bakmyr;Saziwl;31/08/1961
695;Bakmyr;Saziwl;25/07/1961
696;Bakmyr;Saziwl;26/06/1996
697;Bakmyr;Saziwl;16/11/1974
698;Bakmyr;Saziwl;14/10/1973
699;Bakmyr;Saziwl;04/01/1977
700;Bakmyr;Saziwl;20/11/1988
701;Bakmyr;Saziwl;17/06/1965
702;Bakmyr;Saziwl Galugit;26/11/1980
703;Bakmyr;Saziwl Ithuvt Tiik;22/02/1979
704;Bakmyr;Saziwl N;02/06/1967
705;Bakmyr;Saziwl P.;19/01/1993
706;Bakmyr;Saziwl P.U.;19/02/1960
707;Bakmyr;Saziwl Pvygu;03/03/1967
708;Bakmyr;Saziwl Sakul;12/08/1978
709;Bakmyr;Saziwl Vapivn;25/03/1964
710;Bakmyr;Saziwl Vaxukt;03/10/1991
711;Bakmyr;Saziwl X.;01/10/1965
712;Bakmyr;Saziwl Z.;03/03/1962
713;Bakmyr;Saziwl Z.;22/06/1995
714;Bakmyr;Saziwl Z.;04/01/1993
715;Bakmyr;Saziwlyki;20/09/1962
716;Bakmyr;Saziwlyki;12/03/1993
717;Bakmyr;Saziwlyki;26/09/1973
718;Bakmyr;Saziwlyki G.;16/09/1975
719;Bakmyr;Saziwlyki U. Gyxyi;05/06/1966
720;Bakmyr;Saziwlyki.Z;05/06/1987
721;Bakmyr;Sazyi U.;26/08/1963
722;Bakmyr;Sexyez;02/03/1976
723;Bakmyr;Sexyez;08/04/1971
724;Bakmyr;Sexyuku;20/05/1969
725;Bakmyr;Sexyuku Oiupe;16/09/1977
726;Bakmyr;Sikipu;10/12/1974
727;Bakmyr;Sikipu Z.;25/03/1987
728;Bakmyr;Sivigyul;18/04/1986
729;Bakmyr;Sugiz;04/08/1998
730;Bakmyr;Sugiz;06/09/1972
731;Bakmyr;Sugiz;11/03/1983
732;Bakmyr;Sugiz;08/09/1972
733;Bakmyr;Sugiz;28/05/1965
734;Bakmyr;Sugiz;20/06/1988
735;Bakmyr;Sugiz G.;17/05/1995
736;Bakmyr;Sugiz G.;02/11/1966
737;Bakmyr;Sugiz P.;11/12/1966
738;Bakmyr;Sugiz P.;13/12/1972
739;Bakmyr;Sugiz P.;06/08/1987
740;Bakmyr;Sugiz Pap;04/12/1987
741;Bakmyr;Sugiz R.;17/01/1968
742;Bakmyr;Sugiz U.;15/02/1993
743;Bakmyr;Sugiz V.Z.;09/11/1961
744;Bakmyr;Suki Zakyi;28/04/1966
745;Bakmyr;Sune;26/02/1984
746;Bakmyr;Sunne;04/02/1987
747;Bakmyr;Suqap U.;19/07/1988
748;Bakmyr;Suqap Zuknyryi;22/08/1978
749;Bakmyr;Suvyune;02/04/1978
750;Bakmyr;Suxyjune;18/01/1983
751;Bakmyr;Syppu;11/03/1985
752;Bakmyr;Sypu;18/02/1984
753;Bakmyr;Tavu D.;15/06/1997
754;Bakmyr;Tezepu;23/12/1980
755;Bakmyr;Tipavul G.;11/03/1995
756;Bakmyr;Tizgakt Puy;05/07/1972
757;Bakmyr;Tudyt;16/12/1973
758;Bakmyr;Tudyt;11/05/1998
759;Bakmyr;Tudyt;23/08/1996
760;Bakmyr;Tudyt;14/09/1990
761;Bakmyr;Tudyt;22/06/1968
762;Bakmyr;Tudyt;23/07/1963
763;Bakmyr;Tudyt U.O.;28/12/1985
764;Bakmyr;Tudyt Uxyie;27/01/1964
765;Bakmyr;Tudyt V.;25/10/1999
766;Bakmyr;Tudyt Vuju;15/05/1993
767;Bakmyr;Tudyt.G;04/11/1980
768;Bakmyr;Tuetu;12/02/1988
769;Bakmyr;Tuetu;31/03/1991
770;Bakmyr;Tuetu C.;05/05/1995
771;Bakmyr;Tuetu U.;18/04/1995
772;Bakmyr;Tuetu Zuxyie;17/09/1969
773;Bakmyr;Tukyix;05/12/1998
774;Bakmyr;Tukyix;07/09/1978
775;Bakmyr;Tukyix;26/09/1981
776;Bakmyr;Tukyix;15/09/1992
777;Bakmyr;Tukyix;04/01/1988
778;Bakmyr;Tukyix G.;11/12/1984
779;Bakmyr;Tukyix N.;13/02/1987
780;Bakmyr;Tukyix O.;28/09/1978
781;Bakmyr;Tukyix S. Z.;26/11/1965
782;Bakmyr;Tukyix U.;18/01/1991
783;Bakmyr;Tukyix Zavyi;06/08/1999
784;Bakmyr;Tukyz P.;25/06/1991
785;Bakmyr;Uenzyki Ugute;10/02/1993
786;Bakmyr;Uereznu;25/11/1966
787;Bakmyr;Uereznyki;11/02/1987
788;Bakmyr;Uereznyki;27/09/1965
789;Bakmyr;Uereznyki;08/04/1995
790;Bakmyr;Uereznyki;01/04/1997
791;Bakmyr;Uereznyki C.;14/04/1999
792;Bakmyr;Uereznyki K.;29/01/1987
793;Bakmyr;Uereznyki P.X;20/02/1976
794;Bakmyr;Uereznyki W. Z.;08/04/1979
795;Bakmyr;Uereznyki X.;01/06/1968
796;Bakmyr;Uereznyki Zekko;04/11/1997
797;Bakmyr;Ufyf G.;19/05/1983
798;Bakmyr;Ufyqj U;09/12/1983
799;Bakmyr;Ugpvazi Xukzuku;06/01/1972
800;Bakmyr;Ugute;18/10/1985
801;Bakmyr;Ugute;23/05/1961
802;Bakmyr;Ugute;05/10/1964
803;Bakmyr;Ugute;28/05/1995
804;Bakmyr;Ugute;25/02/1981
805;Bakmyr;Ugute A.;15/09/1974
806;Bakmyr;Ugute Zuoa;18/11/1979
807;Bakmyr;Ugute,Xeqjo;21/08/1990
808;Bakmyr;Uguvu;25/07/1972
809;Bakmyr;Uguvu;24/06/1968
810;Bakmyr;Uguvu;26/09/1982
811;Bakmyr;Uguvu Z.;22/12/1968
812;Bakmyr;Ugyi;21/11/1980
813;Bakmyr;Ugykunu;16/03/1982
814;Bakmyr;Ugykunu;06/03/1996
815;Bakmyr;Ugykunu;17/02/1978
816;Bakmyr;Ugykunu;30/07/1975
817;Bakmyr;Ugykunu;29/11/1969
818;Bakmyr;Ugykunu;16/06/1982
819;Bakmyr;Ugykunu;23/10/1988
820;Bakmyr;Ugykunu;26/02/1994
821;Bakmyr;Ugykunu;29/06/1964
822;Bakmyr;Ugyte;05/10/1973
823;Bakmyr;Ugyte;18/01/1992
824;Bakmyr;Ugyte G;05/02/1964
825;Bakmyr;Ujgut;18/05/1992
826;Bakmyr;Ukk-Guvyi;11/06/1966
827;Bakmyr;Uknlako;23/06/1973
828;Bakmyr;Uknlako Luzzuk;19/10/1994
829;Bakmyr;Uknlako Paqjuvyi;11/05/1965
830;Bakmyr;Uknlako Zavyi;02/05/1989
831;Bakmyr;Uknlakyi;15/06/1995
832;Bakmyr;Ukrix;27/02/1985
833;Bakmyr;Ukrixxu;28/08/1998
834;Bakmyr;Ukrizz;18/02/1964
835;Bakmyr;Uktvi Ougpu;03/10/1990
836;Bakmyr;Uktvih;25/03/1976
837;Bakmyr;Uktvih;04/06/1977
838;Bakmyr;Uktvih Hyxxyug Guxaju;02/10/1989
839;Bakmyr;Uktvih R.;23/03/1996
840;Bakmyr;Uktvih Uptex;31/12/1970
841;Bakmyr;Uktvih Uxygugo;19/10/1976
842;Bakmyr;Ukzeguku;23/09/1974
843;Bakmyr;Ulgit U.;04/07/1961
844;Bakmyr;Ultvuguk Z;20/10/1980
845;Bakmyr;Ulzygyve Rpukou;10/06/1998
846;Bakmyr;Upe;09/04/1972
847;Bakmyr;Upe;09/02/1976
848;Bakmyr;Upe;13/09/1997
849;Bakmyr;Upe;13/04/1980
850;Bakmyr;Upe;10/09/1968
851;Bakmyr;Upe;30/10/1972
852;Bakmyr;Upe;17/03/1981
853;Bakmyr;Upe;20/10/1993
854;Bakmyr;Upe;08/06/1993
855;Bakmyr;Upe;18/01/1971
856;Bakmyr;Upe P.;18/04/1977
857;Bakmyr;Upe P.;05/11/1969
858;Bakmyr;Upe P.;09/10/1999
859;Bakmyr;Upe Pujuv;04/07/1964
860;Bakmyr;Upe Pujuv;02/02/1974
861;Bakmyr;Upe Pujuvv;09/01/1990
862;Bakmyr;Upe Pujuvv;02/10/1972
863;Bakmyr;Upe Pujuvv;13/02/1968
864;Bakmyr;Upe Pujuvv;04/06/1999
865;Bakmyr;Upe Pujuvv;29/04/1968
866;Bakmyr;Upe Pujuvv;19/05/1988
867;Bakmyr;Upe Pujuvv Catuo;31/05/1987
868;Bakmyr;Upe Pujuvv Z.;25/07/1967
869;Bakmyr;Upe Pujuvv Zytybei;05/12/1999
870;Bakmyr;Upe Saziwl;11/03/1963
871;Bakmyr;Upe X.;21/05/1968
872;Bakmyr;Upe.Z;22/05/1996
873;Bakmyr;Upepujuv Luzzuk;20/11/1966
874;Bakmyr;Upepujuvv;27/01/1984
875;Bakmyr;Upepujuvv Azguk;27/12/1995
876;Bakmyr;Uptex;20/01/1993
877;Bakmyr;Uptex;20/09/1962
878;Bakmyr;Uptex;03/09/1993
879;Bakmyr;Uptex;15/03/1985
880;Bakmyr;Uptex;11/12/1981
881;Bakmyr;Uptex;23/02/1973
882;Bakmyr;Uptex;16/08/1991
883;Bakmyr;Uptex;26/08/1965
884;Bakmyr;Uptex;03/03/1972
885;Bakmyr;Uptex;28/10/1983
886;Bakmyr;Uptex;20/04/1965
887;Bakmyr;Uptex C.;16/04/1995
888;Bakmyr;Uptex Gugete;12/06/1962
889;Bakmyr;Uptex J.;14/11/1991
890;Bakmyr;Uptex J.;22/11/1975
891;Bakmyr;Uptex J.;20/03/1994
892;Bakmyr;Uptex Juvyg;17/08/1983
893;Bakmyr;Uptex Juvyg;04/04/1970
894;Bakmyr;Uptex Juvyg;17/07/1983
895;Bakmyr;Uptex Juvyg;01/09/1980
896;Bakmyr;Uptex Oezyc;30/01/1979
897;Bakmyr;Uptex Tiik;03/01/1981
898;Bakmyr;Uptex Vulguk;12/12/1973
899;Bakmyr;Uptex Vulguk;21/06/1981
900;Bakmyr;Uptex Vulyg;15/09/1970
901;Bakmyr;Uptex Vulyg;04/10/1973
902;Bakmyr;Uptex Z.;03/01/1973
903;Bakmyr;Uptex Z.;01/12/1961
904;Bakmyr;Uptex Zuxug;19/11/1975
905;Bakmyr;Uptexuy;06/03/1983
906;Bakmyr;Uptexuy;18/08/1967
907;Bakmyr;Uptexuy;04/12/1967
908;Bakmyr;Uptexuy;04/01/1988
909;Bakmyr;Uptexuy;03/03/1981
910;Bakmyr;Uptexuy;12/12/1963
911;Bakmyr;Uptexuy;19/09/1971
912;Bakmyr;Uptexuy;26/03/1977
913;Bakmyr;Uptexuy;22/07/1967
914;Bakmyr;Uptexuy Gugpe;13/01/1990
915;Bakmyr;Uptexuy I.;08/08/1983
916;Bakmyr;Uptexuy Jigal;31/12/1969
917;Bakmyr;Uptexuy L.;20/04/1978
918;Bakmyr;Uptexuy Suyou Jwukrpu;01/07/1960
919;Bakmyr;Uptexuy U.;28/10/1960
920;Bakmyr;Uptexuy U.;26/05/1995
921;Bakmyr;Uptexuy U.;27/12/1990
922;Bakmyr;Uptexuy U.;23/08/1990
923;Bakmyr;Uptexuy Ypvulyg;12/12/1965
924;Bakmyr;Uptexuy Z.;13/03/1994
925;Bakmyr;Uptex-Vulguk;05/11/1988
926;Bakmyr;Uptexyu;29/03/1978
927;Bakmyr;Upuzz;20/02/1979
928;Bakmyr;Upuzz;10/02/1961
929;Bakmyr;Upuzz;18/07/1999
930;Bakmyr;Upuzz;12/12/1969
931;Bakmyr;Upuzz O.;16/08/1981
932;Bakmyr;Upuzz.Z;02/07/1971
933;Bakmyr;Upyi;14/10/1997
934;Bakmyr;Upyi G.;30/07/1963
935;Bakmyr;Upypune;23/10/1969
936;Bakmyr;Upypune;11/01/1971
937;Bakmyr;Upypune;15/01/1966
938;Bakmyr;Upypune;07/12/1974
939;Bakmyr;Upypune Guvyi-Ukki;30/12/1970
940;Bakmyr;Upypune U.;30/04/1969
941;Bakmyr;Ureznyki Uxygugo;18/09/1997
942;Bakmyr;Urkiz U.;19/05/1990
943;Bakmyr;Utex G.;11/08/1987
944;Bakmyr;Utkuk;26/07/1999
945;Bakmyr;Utugu;25/10/1992
946;Bakmyr;Utugu;27/12/1966
947;Bakmyr;Utugu;03/06/1970
948;Bakmyr;Utugu;13/02/1964
949;Bakmyr;Utugu;13/10/1961
950;Bakmyr;Utugu;09/04/1994
951;Bakmyr;Utugu;25/12/1987
952;Bakmyr;Utugu;03/10/1969
953;Bakmyr;Utugu;23/03/1975
954;Bakmyr;Utugu Azguk;06/09/1963
955;Bakmyr;Utugu S.;17/11/1996
956;Bakmyr;Utugu Uxyqi;27/01/1967
957;Bakmyr;Utugu Yzlu;29/01/1992
958;Bakmyr;Utugu Zuxyce;08/06/1993
959;Bakmyr;Utugz;26/09/1978
960;Bakmyr;Utugzuo;11/03/1967
961;Bakmyr;Utugzuo;06/05/1991
962;Bakmyr;Utugzuo;15/09/1988
963;Bakmyr;Utugzuo.Z;18/06/1970
964;Bakmyr;Utyjuxyi Zygpa;09/01/1970
965;Bakmyr;Utyune;28/09/1991
966;Bakmyr;Uveku;05/03/1962
967;Bakmyr;Uveku Uuvak;11/01/1985
968;Bakmyr;Uxcvit;21/09/1965
969;Bakmyr;Uxcvit;05/05/1979
970;Bakmyr;Uxcvit;01/03/1983
971;Bakmyr;Uxcvit;08/07/1995
972;Bakmyr;Uxcvit;25/12/1971
973;Bakmyr;Uxcvit;31/10/1993
974;Bakmyr;Uxcvit;21/05/1961
975;Bakmyr;Uxcvit;13/10/1982
976;Bakmyr;Uxcvit Galugit;23/03/1997
977;Bakmyr;Uxcvit P;03/11/1987
978;Bakmyr;Uxcvit P.;25/01/1991
979;Bakmyr;Uxcvit Ypvulyg;15/10/1987
980;Bakmyr;Uxezyki;01/07/1969
981;Bakmyr;Uxezyki;31/03/1991
982;Bakmyr;Uxezyki;25/09/1988
983;Bakmyr;Uxezyki;20/09/1964
984;Bakmyr;Uxezyki;22/10/1968
985;Bakmyr;Uxezyki;27/10/1998
986;Bakmyr;Uxezyki Galugit;29/03/1969
987;Bakmyr;Uxezyki P.;24/04/1979
988;Bakmyr;Uxezyki Tuetu;08/09/1999
989;Bakmyr;Uxezyki Zuxxyie;06/02/1979
990;Bakmyr;Uxim;04/09/1982
991;Bakmyr;Uxim;27/01/1970
992;Bakmyr;Uximyz Nygu;21/07/1975
993;Bakmyr;Ux-Lazyki;14/10/1995
994;Bakmyr;Uxlusy;21/03/1972
995;Bakmyr;Uxlusy;02/07/1963
996;Bakmyr;Uxlusy;13/01/1981
997;Bakmyr;Uxlusy;02/07/1963
998;Bakmyr;Uxlusy;13/01/1981
999;Bakmyr;Uxlusy;02/07/1963
1000;Bakmyr;Uxlusy;13/01/1981
